{"__type__":"dragonBones.DragonBonesAsset","_name":"renwu1_1_ske","_dragonBonesJson":"{\"armature\":[{\"aabb\":{\"width\":346,\"y\":-456.86675878737685,\"height\":511.37921766938723,\"x\":-197.45134848521283},\"skin\":[{\"name\":\"\",\"slot\":[{\"display\":[{\"uvs\":[0.61871,0.04059,0.97007,0.18201,0.65204,0.57699,0.62415,0.60209,0.32449,0.98849,0,0.85523,0.0432,0.69247,0.32823,0.54226,0.3466,0.51841],\"type\":\"mesh\",\"vertices\":[17.45,-109.8,69.1,-76,22.35,18.4,18.25,24.4,-25.8,116.75,-73.5,84.9,-67.15,46,-25.25,10.1,-22.55,4.4],\"transform\":{\"skY\":62.4073,\"y\":-0.6749,\"skX\":62.4073,\"x\":64.0524},\"triangles\":[8,2,1,0,8,1,6,4,3,7,6,3,8,3,2,8,7,3,6,5,4],\"path\":\"youshou\",\"width\":147,\"height\":239,\"name\":\"youshou\",\"edges\":[0,1,1,2,2,3,3,4,4,5,5,6,6,7,7,8,8,0],\"userEdges\":[]}],\"name\":\"youshou\"},{\"display\":[{\"uvs\":[0.89725,0.54565,0.79436,0.94043,0.42861,0.9613,0.22269,0.66565,0.20043,0.59449,0.04884,0.44391,0.07529,0.30435,0.18237,0.26116,0.38844,0.11884,0.47731,0.05188,0.67197,0.0813,0.81792,0.16638,0.93064,0.35464,0.89581,0.3713,0.33699,0.32678,0.5484,0.20692,0.3286,0.43562,0.69161,0.38968,0.79595,0.61417,0.72904,0.24591],\"type\":\"mesh\",\"vertices\":[137.45,15.75,101.85,151.95,-24.7,159.15,-95.95,57.15,-103.65,32.6,-156.1,-19.35,-146.95,-67.5,-109.9,-82.4,-38.6,-131.5,-7.85,-154.6,59.5,-144.45,110,-115.1,149,-50.15,136.95,-44.4,-56.4,-59.76,16.75,-101.11,-59.3,-22.21,66.3,-38.06,102.4,39.39,79.25,-87.66],\"transform\":{\"skY\":98.0198,\"y\":-12.7421,\"skX\":98.0198,\"x\":129.2305},\"triangles\":[11,19,13,18,1,0,11,13,12,19,17,13,13,17,0,17,18,0,18,2,1,10,19,11,3,2,18,16,3,18,17,16,18,15,17,19,10,15,19,15,14,17,14,16,17,9,15,10,9,8,15,8,14,15,4,3,16,7,14,8,6,5,7,5,4,14,7,5,14,4,16,14],\"path\":\"脸_\",\"width\":346,\"height\":345,\"name\":\"脸_\",\"edges\":[0,1,1,2,2,3,3,4,4,5,5,6,6,7,7,8,8,9,9,10,10,11,11,12,12,13,13,0],\"userEdges\":[7,14,14,4,8,15,3,16,16,17,17,18,18,0,13,19]}],\"name\":\"脸_\"},{\"display\":[{\"uvs\":[0,0,1,0,0,1,1,1],\"type\":\"mesh\",\"vertices\":[-102.5,-108.5,102.5,-108.5,-102.5,108.5,102.5,108.5],\"transform\":{\"skY\":-1.2597,\"y\":-77.6419,\"skX\":-1.2597,\"x\":-5.7488},\"triangles\":[1,0,3,0,2,3],\"path\":\"xiashen\",\"width\":205,\"height\":217,\"name\":\"xiashen\",\"edges\":[0,1,1,3,3,2,2,0],\"userEdges\":[]}],\"name\":\"xiashen\"},{\"display\":[{\"path\":\"shen\",\"type\":\"image\",\"name\":\"shen\",\"transform\":{\"skY\":86.9713,\"y\":-2.8869,\"skX\":86.9713,\"x\":35.1981}}],\"name\":\"shen\"},{\"display\":[{\"uvs\":[0,0,1,0,0,1,1,1],\"type\":\"mesh\",\"vertices\":[-49.5,-58.5,49.5,-58.5,-49.5,58.5,49.5,58.5],\"transform\":{\"skY\":86.9713,\"y\":-48.1294,\"skX\":86.9713,\"x\":24.5449},\"triangles\":[1,0,3,0,2,3],\"path\":\"zuoshou\",\"width\":99,\"height\":117,\"name\":\"zuoshou\",\"edges\":[0,1,1,3,3,2,2,0],\"userEdges\":[]}],\"name\":\"zuoshou\"},{\"display\":[{\"path\":\"zhuan\",\"type\":\"image\",\"name\":\"zhuan\",\"transform\":{\"y\":-59.9834,\"x\":-44.9744}}],\"name\":\"zhuan\"}]}],\"type\":\"Armature\",\"name\":\"Armature\",\"defaultActions\":[{\"gotoAndPlay\":\"newAnimation\"}],\"bone\":[{\"name\":\"root\",\"transform\":{\"scX\":0.75,\"scY\":0.75}},{\"length\":100,\"transform\":{\"skY\":1.2597,\"y\":-2.75,\"skX\":1.2597,\"x\":-1.65},\"parent\":\"root\",\"name\":\"body\"},{\"length\":66,\"transform\":{\"skY\":-88.231,\"y\":-171.626,\"skX\":-88.231,\"x\":-12.0759},\"parent\":\"body\",\"name\":\"shen\"},{\"length\":88,\"transform\":{\"skY\":-11.0485,\"y\":1.2345,\"scX\":0.93,\"scY\":0.93,\"skX\":-11.0485,\"x\":87.3873},\"parent\":\"shen\",\"name\":\"脸_\"},{\"length\":88,\"transform\":{\"skY\":24.564,\"y\":36.5584,\"skX\":24.564,\"x\":62.3187},\"parent\":\"shen\",\"name\":\"youshou\"}],\"slot\":[{\"name\":\"zhuan\",\"parent\":\"root\",\"color\":{}},{\"z\":1,\"name\":\"zuoshou\",\"parent\":\"shen\",\"color\":{}},{\"z\":2,\"name\":\"shen\",\"parent\":\"shen\",\"color\":{}},{\"z\":3,\"name\":\"xiashen\",\"parent\":\"body\",\"color\":{}},{\"z\":4,\"name\":\"脸_\",\"parent\":\"脸_\",\"color\":{}},{\"z\":5,\"name\":\"youshou\",\"parent\":\"youshou\",\"color\":{}}],\"animation\":[{\"bone\":[{\"frame\":[{\"duration\":270,\"transform\":{}}],\"name\":\"root\"},{\"frame\":[{\"tweenEasing\":0,\"duration\":90,\"transform\":{}},{\"tweenEasing\":0,\"duration\":30,\"transform\":{}},{\"tweenEasing\":0,\"duration\":60,\"transform\":{}},{\"tweenEasing\":0,\"duration\":90,\"transform\":{}},{\"duration\":0,\"transform\":{}}],\"name\":\"body\"},{\"frame\":[{\"tweenEasing\":0,\"duration\":45,\"transform\":{}},{\"tweenEasing\":0,\"duration\":45,\"transform\":{\"skY\":3.0735,\"y\":-6.3084,\"skX\":3.0735,\"x\":6.0056}},{\"tweenEasing\":0,\"duration\":15,\"transform\":{}},{\"tweenEasing\":0,\"duration\":15,\"transform\":{\"skY\":3.0735,\"y\":-6.3084,\"skX\":3.0735,\"x\":6.0056}},{\"tweenEasing\":0,\"duration\":15,\"transform\":{}},{\"tweenEasing\":0,\"duration\":30,\"transform\":{\"skY\":3.0735,\"y\":-6.3084,\"skX\":3.0735,\"x\":6.0056}},{\"tweenEasing\":0,\"duration\":15,\"transform\":{\"skY\":3.0735,\"y\":-6.3084,\"skX\":3.0735,\"x\":6.0056}},{\"tweenEasing\":0,\"duration\":45,\"transform\":{}},{\"tweenEasing\":0,\"duration\":45,\"transform\":{\"skY\":3.0735,\"y\":-6.3084,\"skX\":3.0735,\"x\":6.0056}},{\"duration\":0,\"transform\":{}}],\"name\":\"shen\"},{\"frame\":[{\"tweenEasing\":0,\"duration\":45,\"transform\":{}},{\"tweenEasing\":0,\"duration\":45,\"transform\":{\"skY\":3.4922,\"skX\":3.4922}},{\"tweenEasing\":0,\"duration\":15,\"transform\":{}},{\"tweenEasing\":0,\"duration\":15,\"transform\":{\"skY\":3.4922,\"skX\":3.4922}},{\"tweenEasing\":0,\"duration\":15,\"transform\":{}},{\"tweenEasing\":0,\"duration\":30,\"transform\":{\"skY\":3.4922,\"skX\":3.4922}},{\"tweenEasing\":0,\"duration\":15,\"transform\":{\"skY\":3.4922,\"skX\":3.4922}},{\"tweenEasing\":0,\"duration\":45,\"transform\":{}},{\"tweenEasing\":0,\"duration\":45,\"transform\":{\"skY\":3.4922,\"skX\":3.4922}},{\"duration\":0,\"transform\":{}}],\"name\":\"脸_\"},{\"frame\":[{\"tweenEasing\":0,\"duration\":45,\"transform\":{}},{\"tweenEasing\":0,\"duration\":45,\"transform\":{\"skY\":-4.2459,\"scX\":1.05,\"skX\":-4.2459}},{\"tweenEasing\":0,\"duration\":15,\"transform\":{}},{\"tweenEasing\":0,\"duration\":15,\"transform\":{\"skY\":-4.2459,\"scX\":1.05,\"skX\":-4.2459}},{\"tweenEasing\":0,\"duration\":15,\"transform\":{}},{\"tweenEasing\":0,\"duration\":30,\"transform\":{\"skY\":-4.2459,\"scX\":1.05,\"skX\":-4.2459}},{\"tweenEasing\":0,\"duration\":15,\"transform\":{\"skY\":-4.2459,\"scX\":1.05,\"skX\":-4.2459}},{\"tweenEasing\":0,\"duration\":45,\"transform\":{}},{\"tweenEasing\":0,\"duration\":45,\"transform\":{\"skY\":-4.2459,\"scX\":1.05,\"skX\":-4.2459}},{\"duration\":0,\"transform\":{}}],\"name\":\"youshou\"}],\"ffd\":[{\"frame\":[{\"tweenEasing\":0,\"offset\":0,\"duration\":45,\"vertices\":[]},{\"tweenEasing\":0,\"offset\":0,\"duration\":45,\"vertices\":[4.95,-11.25,5.5,-7.45,0,0,0,0]},{\"tweenEasing\":0,\"offset\":0,\"duration\":15,\"vertices\":[]},{\"tweenEasing\":0,\"offset\":0,\"duration\":15,\"vertices\":[4.95,-11.25,5.5,-7.45,0,0,0,0]},{\"tweenEasing\":0,\"offset\":0,\"duration\":15,\"vertices\":[]},{\"tweenEasing\":0,\"offset\":0,\"duration\":30,\"vertices\":[4.95,-11.25,5.5,-7.45,0,0,0,0]},{\"tweenEasing\":0,\"offset\":0,\"duration\":15,\"vertices\":[4.95,-11.25,5.5,-7.45,0,0,0,0]},{\"tweenEasing\":0,\"offset\":0,\"duration\":45,\"vertices\":[]},{\"tweenEasing\":0,\"offset\":0,\"duration\":45,\"vertices\":[4.95,-11.25,5.5,-7.45,0,0,0,0]},{\"tweenEasing\":null,\"offset\":0,\"duration\":0,\"vertices\":[]}],\"skin\":\"\",\"scale\":1,\"slot\":\"xiashen\",\"offset\":0,\"name\":\"xiashen\"},{\"frame\":[{\"tweenEasing\":0,\"offset\":0,\"duration\":45,\"vertices\":[-18.2,-0.4,-11.25,-12,2.3,6.65,3.5,6.3,0,0,0,0,0,0,4.75,1.5,5.15,3.65]},{\"tweenEasing\":0,\"offset\":0,\"duration\":45,\"vertices\":[]},{\"tweenEasing\":0,\"offset\":0,\"duration\":15,\"vertices\":[-18.2,-0.4,-11.25,-12,2.3,6.65,3.5,6.3,0,0,0,0,0,0,4.75,1.5,5.15,3.65]},